{
  "inertia": 7.208306488386249,
  "silhouette_score": 0.00031658427394832574,
  "cluster_distribution": {
    "2": 1,
    "4": 1,
    "0": 1,
    "3": 2,
    "1": 1
  },
  "pca_var_ratio_1": 0.33903293648111504,
  "pca_var_ratio_2": 0.21096706351888478,
  "num_features": 8
}